run_id,system,workload,scenario,conflict_ratio,concurrency,total_requests,attempts_total,attempts_committed,attempts_aborted,abort_rate_attempt,requests_total,requests_failed,abort_prob_request,retry_p50,retry_p90,retry_p99,retry_max
ffae270c-d57f-4651-a5de-06bdc1583869,HLF-local,smallbank_transfer,hot_accounts,0.5,20,200,332,200,132,0.39759036144578314,200,0,0,1,3,6,8
2d53a84c-91aa-4d8b-8a67-4d7acb43675a,HLF-local,smallbank_transfer,hot_accounts,0.5,20,200,330,200,130,0.3939393939393939,200,0,0,1,3,7,10
a4271a4a-a9cb-42c8-bde6-6af891eee52e,HLF-local,smallbank_transfer,hot_accounts,0.1,20,200,219,200,19,0.0867579908675799,200,0,0,1,1,2,3
a2101b4f-c914-425c-bb9e-c0f78b69d2c2,HLF-local,smallbank_transfer,hot_accounts,0.5,20,200,329,199,130,0.3951367781155015,200,1,0.005,1,3,6,10
d1ea726d-0f9d-49cc-9e24-21d0cfffb31a,HLF-local,smallbank_transfer,hot_accounts,0.9,20,200,713,187,526,0.7377279102384292,200,13,0.065,2,9,10,10
efda21aa-b9cd-4b8c-8b32-213a5a053473,HLF-local-windowed-baseline,smallbank_transfer,hot_accounts,0.5,20,200,332,200,132,0.39759036144578314,200,0,0,1,3,6,8
45ce1d20-0dba-44f4-8f90-a769b16fc651,HLF-local-windowed-key-merge,smallbank_transfer,hot_accounts,0.5,10,200,10,4,6,0.6,200,0,0,2,4,4,4
6615c2c8-b752-4a9d-a69f-33cb0824f09b,HLF-local-windowed-value-merge,smallbank_transfer,hot_accounts,0.5,10,200,10,4,6,0.6,200,0,0,2,4,4,4
45c3e23a-eac0-4697-8b9a-b4f10170a126,HLF-local-windowed-ctm,smallbank_transfer,hot_accounts,0.1,10,200,171,170,1,0.005847953216374269,200,0,0,1,1,2,2
743e95c1-e027-4e11-b636-49d0b701f5b2,HLF-local-windowed-ctm,smallbank_transfer,hot_accounts,0.5,10,200,56,56,0,0,200,0,0,1,1,1,1
bcf45f49-a2fc-4dca-af41-15a150ec09a1,HLF-local-windowed-ctm,smallbank_transfer,hot_accounts,0.9,10,200,11,5,6,0.5454545454545454,200,0,0,2,4,4,4
221489d9-27c1-4be3-a660-b7b7ace88abb,HLF-local-windowed-baseline,smallbank_transfer,hot_accounts,0.1,10,200,212,200,12,0.05660377358490566,200,0,0,1,1,2,3
bcd06c57-12c7-436e-aee1-3e2d5d671d17,HLF-local-windowed-baseline,smallbank_transfer,hot_accounts,0.5,10,200,310,199,111,0.3580645161290323,200,1,0.005,1,3,8,10
3a3acd87-d06f-4c9d-82cd-aaeb13d7d605,HLF-local-windowed-baseline,smallbank_transfer,hot_accounts,0.9,10,200,510,193,317,0.6215686274509804,200,7,0.035,1,6,10,10
686da496-d2b5-4717-bfb1-f88a164d5282,HLF-local-windowed-baseline-2000,smallbank_transfer,hot_accounts,0.1,10,2000,2067,2000,67,0.0324141267537494,2000,0,0,1,1,2,4
50c00c79-123b-4ec3-840c-ac27691a73f3,HLF-local-windowed-baseline-2000,smallbank_transfer,hot_accounts,0.5,10,2000,3245,1988,1257,0.3873651771956857,2000,12,0.006,1,3,9,10
3eb7b57d-f06c-4cb9-a496-b43b0c5eabf5,HLF-local-windowed-baseline-2000,smallbank_transfer,hot_accounts,0.9,10,2000,5098,1919,3179,0.6235778736759513,2000,81,0.0405,1,7,10,10
fd72f40c-859b-4f5d-b130-724e7fc6a42c,HLF-local-windowed-ctm-2000,smallbank_transfer,hot_accounts,0.1,10,2000,1714,1709,5,0.0029171528588098016,2000,0,0,1,1,1,2
62f44cd8-e5d3-415a-a93b-fc651c9dd52e,HLF-local-windowed-ctm-2000,smallbank_transfer,hot_accounts,0.5,10,2000,560,542,18,0.03214285714285714,2000,0,0,1,2,5,5
5f9e130d-5593-436c-a02e-6342cdf8324c,HLF-local-windowed-ctm-2000,smallbank_transfer,hot_accounts,0.9,10,2000,243,51,192,0.7901234567901234,2000,644,0.322,4,10,10,10
d4f34de6-0205-48c9-bb66-21f71b56dadd,HLF-local-windowed-baseline-unlimited,smallbank_transfer,hot_accounts,0.5,10,2000,3326,2000,1326,0.3986770895971137,2000,0,0,1,3,10,29
2f3fa69d-f746-41d0-b32a-b811023a03fd,HLF-local-windowed-ctm-unlimited,smallbank_transfer,hot_accounts,0.5,10,2000,560,542,18,0.03214285714285714,2000,0,0,1,2,7,7
7333080e-5664-4569-b45c-4b3f000534b1,HLF-local-windowed-baseline-unlimited,smallbank_transfer,hot_accounts,0.1,10,2000,2067,2000,67,0.0324141267537494,2000,0,0,1,1,2,4
29ad5a2d-84e5-4595-aa2f-e38477470636,HLF-local-windowed-baseline-unlimited,smallbank_transfer,hot_accounts,0.5,10,2000,3316,2000,1316,0.3968636911942099,2000,0,0,1,3,9,14
bd9efbef-25d1-4527-836c-ecfe19d8e769,HLF-local-windowed-baseline-unlimited,smallbank_transfer,hot_accounts,0.9,10,2000,5413,2000,3413,0.6305191206355071,2000,0,0,1,7,16,28
e73b1cd3-9ee8-4f2b-8678-67de4ba78d49,HLF-local-windowed-ctm-unlimited,smallbank_transfer,hot_accounts,0.1,10,2000,1714,1709,5,0.0029171528588098016,2000,0,0,1,1,1,2
d4e1f557-e549-4073-a025-1aa88316bfdb,HLF-local-windowed-ctm-unlimited,smallbank_transfer,hot_accounts,0.5,10,2000,566,542,24,0.04240282685512368,2000,0,0,1,2,14,14
773b98d1-4759-4770-b3fc-fab5ab7d9172,HLF-local-windowed-ctm-unlimited,smallbank_transfer,hot_accounts,0.9,10,2000,357,64,293,0.8207282913165266,2000,0,0,1,22,39,39
8f1df8bd-0ae8-4e18-9b6c-c9a6e7593447,HLF-local-windowed-baseline,smallbank_transfer,hot_accounts,0.5,20,2000,4632,1917,2715,0.586139896373057,2000,83,0.0415,1,6,10,10
501c41a8-5a5e-4c8a-a3f5-419077990245,HLF-local-windowed-ctm,smallbank_transfer,hot_accounts,0.5,10,2000,1546,1264,282,0.18240620957309184,1264,0,0,1,2,4,10
b6ceff97-3c52-4ee8-b183-1548ff10e3aa,HLF-baseline-window50-noretry-cr0.1,smallbank_transfer,hot_accounts,0.1,20,2000,2000,1881,119,0.0595,2000,119,0.0595,1,1,1,1
14981c15-2edc-4693-a617-25d0cec9c629,HLF-baseline-window50-noretry-cr0.5,smallbank_transfer,hot_accounts,0.5,20,2000,2000,1141,859,0.4295,2000,859,0.4295,1,1,1,1
e8e4ae73-7a1d-47b1-a4e6-f5cdd6f416d0,HLF-baseline-window50-noretry-cr0.9,smallbank_transfer,hot_accounts,0.9,20,2000,2000,522,1478,0.739,2000,1478,0.739,1,1,1,1
3276cff2-a2f9-4986-894b-7f0fc0795cfd,HLF-ctm-window50-noretry-cr0.1,smallbank_transfer,hot_accounts,0.1,20,2000,1709,1684,25,0.014628437682855471,1709,25,0.014628437682855471,1,1,1,1
1588999c-8c69-4b86-ac62-178aa7ee4a68,HLF-ctm-window50-noretry-cr0.5,smallbank_transfer,hot_accounts,0.5,20,2000,542,480,62,0.11439114391143912,542,62,0.11439114391143912,1,1,1,1
ea3675d7-414f-4891-94fb-b13d9b6bfb94,HLF-ctm-window50-noretry-cr0.9,smallbank_transfer,hot_accounts,0.9,20,2000,64,25,39,0.609375,64,39,0.609375,1,1,1,1
d94e5900-1970-4628-a9f5-5e45a7cd289c,HLF-baseline-window50-noretry-cr0.1,smallbank_transfer,hot_accounts,0.1,20,2000,2000,1882,118,0.059,2000,118,0.059,1,1,1,1
ec30bf15-e369-484c-adfd-07b2abed1cc9,HLF-baseline-window50-noretry-cr0.5,smallbank_transfer,hot_accounts,0.5,20,2000,2000,1143,857,0.4285,2000,857,0.4285,1,1,1,1
a80a262b-a439-404d-a4a6-82a6bbe81b89,HLF-baseline-window50-noretry-cr0.9,smallbank_transfer,hot_accounts,0.9,20,2000,2000,521,1479,0.7395,2000,1479,0.7395,1,1,1,1
d953185e-41b6-4fae-a400-6da8f5e34038,HLF-ctm-window50-noretry-cr0.1,smallbank_transfer,hot_accounts,0.1,20,2000,1852,1732,120,0.06479481641468683,1852,120,0.06479481641468683,1,1,1,1
29b3c3d6-5796-41b5-8947-93fdd5f69fe0,HLF-ctm-window50-noretry-cr0.5,smallbank_transfer,hot_accounts,0.5,20,2000,1264,1065,199,0.1574367088607595,1264,199,0.1574367088607595,1,1,1,1
931d9dd6-7bcf-4d45-b313-8760cf12b304,HLF-ctm-window50-noretry-cr0.9,smallbank_transfer,hot_accounts,0.9,20,2000,503,279,224,0.44532803180914515,503,224,0.44532803180914515,1,1,1,1
4485d7ad-ce68-41fa-982f-42d10d807060,HLF-baseline-window50-noretry-amountvar-cr0.1,smallbank_transfer,hot_accounts,0.1,20,2000,2000,1872,128,0.064,2000,128,0.064,1,1,1,1
d977915e-6024-499a-9c2a-d862dd4cb0c8,HLF-baseline-window50-noretry-amountvar-cr0.5,smallbank_transfer,hot_accounts,0.5,20,2000,2000,1173,827,0.4135,2000,827,0.4135,1,1,1,1
d662e37e-148b-4b47-978b-a26ea43251ed,HLF-baseline-window50-noretry-amountvar-cr0.9,smallbank_transfer,hot_accounts,0.9,20,2000,2000,513,1487,0.7435,2000,1487,0.7435,1,1,1,1
424ca1ec-e694-4907-abec-2a1cd37fcbc3,HLF-ctm-window50-noretry-amountvar-cr0.1,smallbank_transfer,hot_accounts,0.1,20,2000,1998,1743,255,0.12762762762762764,1998,255,0.12762762762762764,1,1,1,1
deb1687d-dd8a-48ca-a27c-2807ae61583a,HLF-ctm-window50-noretry-amountvar-cr0.5,smallbank_transfer,hot_accounts,0.5,20,2000,1857,1012,845,0.4550350026925148,1857,845,0.4550350026925148,1,1,1,1
d0f3a458-b8c7-455e-8e89-737c6c07039b,HLF-ctm-window50-noretry-amountvar-cr0.9,smallbank_transfer,hot_accounts,0.9,20,2000,769,274,495,0.6436931079323797,769,495,0.6436931079323797,1,1,1,1
a97be4f6-9a2a-48b5-9ad4-4ecb73bc2303,HLF-ctm-window50-noretry-amountvar-cr0.1,smallbank_transfer,hot_accounts,0.1,20,2000,1998,1756,242,0.12112112112112113,1998,242,0.12112112112112113,1,1,1,1
83e9d7f1-7df6-431b-929e-98d69db467c5,HLF-ctm-window50-noretry-amountvar-cr0.5,smallbank_transfer,hot_accounts,0.5,20,2000,1857,1011,846,0.4555735056542811,1857,846,0.4555735056542811,1,1,1,1
38856ab4-c04d-4782-9332-a90b1a4add9d,HLF-ctm-window50-noretry-amountvar-cr0.9,smallbank_transfer,hot_accounts,0.9,20,2000,769,295,474,0.6163849154746424,769,474,0.6163849154746424,1,1,1,1
4d6620ac-a46a-467f-9478-ce6090f7b0ce,HLF-baseline-window50-retry-amountvar-cr0.1,smallbank_transfer,hot_accounts,0.1,20,2000,2170,2000,170,0.07834101382488479,2000,0,0,1,1,3,8
8809e519-a4b0-4253-a6fe-bf18e34e5837,HLF-baseline-window50-retry-amountvar-cr0.5,smallbank_transfer,hot_accounts,0.5,20,2000,4472,1929,2543,0.568649373881932,2000,71,0.0355,1,6,10,10
2ba19446-649c-4728-8a98-0ace3a4707b2,HLF-baseline-window50-retry-amountvar-cr0.9,smallbank_transfer,hot_accounts,0.9,20,2000,7572,1736,5836,0.7707342842049657,2000,264,0.132,2,10,10,10
b04e517c-9ae4-4c28-9da8-5390a316445a,HLF-ctm-window50-retry-amountvar-cr0.1,smallbank_transfer,hot_accounts,0.1,20,2000,2287,1998,289,0.12636641888937472,1998,0,0,1,2,3,5
f636d2af-cc83-4e09-9a90-62c4dfd5ca7e,HLF-ctm-window50-retry-amountvar-cr0.5,smallbank_transfer,hot_accounts,0.5,20,2000,3906,1899,2007,0.5138248847926268,1921,22,0.011452368558042686,1,4,10,10
79554ac3-83df-4283-9dd3-4f9540cc2487,HLF-ctm-window50-retry-amountvar-cr0.9,smallbank_transfer,hot_accounts,0.9,20,2000,3602,990,2612,0.725152692948362,1069,79,0.07390084190832553,2,9,10,10
a603c46a-7cf2-4b94-8081-d4af0dffe731,HLF-baseline-window50-noretry-cr0.1,smallbank_transfer,hot_accounts,0.1,20,2000,2000,1889,111,0.0555,2000,111,0.0555,1,1,1,1
3700fd30-1592-48d3-9fd8-1e9d07850593,HLF-baseline-window50-noretry-cr0.5,smallbank_transfer,hot_accounts,0.5,20,2000,2000,1136,864,0.432,2000,864,0.432,1,1,1,1
94fbb8e5-a7d0-462a-87c8-1e3ab29485d1,HLF-baseline-window50-noretry-cr0.9,smallbank_transfer,hot_accounts,0.9,20,2000,2000,521,1479,0.7395,2000,1479,0.7395,1,1,1,1
f810f013-fd54-4e5d-ac0b-803e47cb528e,HLF-value-then-key-window50-noretry-cr0.1,smallbank_transfer,hot_accounts,0.1,20,2000,1857,1766,91,0.04900376952073236,1857,91,0.04900376952073236,1,1,1,1
c750f668-ec3a-4293-8191-e80bfade760e,HLF-value-then-key-window50-noretry-cr0.5,smallbank_transfer,hot_accounts,0.5,20,2000,1346,991,355,0.2637444279346211,1346,355,0.2637444279346211,1,1,1,1
fe9600d3-dd60-4641-b614-732f367bcc3b,HLF-value-then-key-window50-noretry-cr0.9,smallbank_transfer,hot_accounts,0.9,20,2000,653,251,402,0.6156202143950995,653,402,0.6156202143950995,1,1,1,1
739b009b-cf8d-4b81-8671-356db6a4ff39,HLF-bookkeeping-baseline-window50-noretry-cr0.1,bookkeeping_tx,hot_accounts,0.1,20,2000,2000,1967,33,0.0165,2000,33,0.0165,1,1,1,1
38945438-cedd-4ad6-b175-dd2162328f82,HLF-bookkeeping-merge-window50-noretry-cr0.1,bookkeeping_tx,hot_accounts,0.1,20,2000,1930,1930,0,0,1930,0,0,1,1,1,1
f0f98f48-4de4-4f4c-83d9-8e03e773617f,HLF-bookkeeping-baseline-window50-noretry-cr0.5,bookkeeping_tx,hot_accounts,0.5,20,2000,2000,1626,374,0.187,2000,374,0.187,1,1,1,1
12f0dc21-3eb0-4597-8319-b3c28d9486b1,HLF-bookkeeping-merge-window50-noretry-cr0.5,bookkeeping_tx,hot_accounts,0.5,20,2000,1352,1352,0,0,1352,0,0,1,1,1,1
b1f91377-5ccd-4ddf-a4f9-d856195fd584,HLF-bookkeeping-baseline-window50-noretry-cr0.9,bookkeeping_tx,hot_accounts,0.9,20,2000,2000,1041,959,0.4795,2000,959,0.4795,1,1,1,1
ba2b87aa-c4de-4e7f-b2f9-5cc7a257bf55,HLF-bookkeeping-merge-window50-noretry-cr0.9,bookkeeping_tx,hot_accounts,0.9,20,2000,594,493,101,0.17003367003367004,594,101,0.17003367003367004,1,1,1,1
22338268-8854-4716-8642-00fa5613346e,HLF-stock-baseline-window50-noretry-cr0.1,stock_trade,hot_accounts,0.1,20,2000,2000,1875,125,0.0625,2000,125,0.0625,1,1,1,1
6a7d0c43-af49-4c60-a74d-caa9a90d8232,HLF-stock-merge-window50-noretry-cr0.1,stock_trade,hot_accounts,0.1,20,2000,1857,1765,92,0.04954227248249865,1857,92,0.04954227248249865,1,1,1,1
75eb1f5c-c35b-4e06-ad87-773ba92338c5,HLF-stock-baseline-window50-noretry-cr0.5,stock_trade,hot_accounts,0.5,20,2000,2000,1144,856,0.428,2000,856,0.428,1,1,1,1
ed7a10e6-9d04-48ab-a42a-5c2aafe632d5,HLF-stock-merge-window50-noretry-cr0.5,stock_trade,hot_accounts,0.5,20,2000,1346,1003,343,0.25482912332838037,1346,343,0.25482912332838037,1,1,1,1
99a3e190-6b41-42f0-9553-96a429381ff9,HLF-stock-baseline-window50-noretry-cr0.9,stock_trade,hot_accounts,0.9,20,2000,2000,515,1485,0.7425,2000,1485,0.7425,1,1,1,1
ab185d54-107d-458c-b1aa-d662a235a525,HLF-stock-merge-window50-noretry-cr0.9,stock_trade,hot_accounts,0.9,20,2000,653,251,402,0.6156202143950995,653,402,0.6156202143950995,1,1,1,1
aca506c6-07ff-4035-936e-75cb8a9df772,HLF-stock-baseline-window50-noretry-cr0.1,stock_trade,hot_accounts,0.1,20,2000,2000,1875,125,0.0625,2000,125,0.0625,1,1,1,1
ccd86b0f-bb98-4527-9be4-0630b9a3bd0a,HLF-stock-baseline-window50-noretry-cr0.5,stock_trade,hot_accounts,0.5,20,2000,2000,1136,864,0.432,2000,864,0.432,1,1,1,1
bde42e1b-bdb2-4066-b363-6d3c7df87a98,HLF-stock-baseline-window50-noretry-cr0.9,stock_trade,hot_accounts,0.9,20,2000,2000,520,1480,0.74,2000,1480,0.74,1,1,1,1
003dba6c-6fc1-460a-8a53-2def858ff37a,HLF-stock-key-then-value-window50-noretry-cr0.1,stock_trade,hot_accounts,0.1,20,2000,1857,1769,88,0.04738826063543349,1857,88,0.04738826063543349,1,1,1,1
7456ba9f-0157-4d69-822a-5fab260dbfb6,HLF-stock-key-then-value-window50-noretry-cr0.5,stock_trade,hot_accounts,0.5,20,2000,1317,992,325,0.24677296886864086,1317,325,0.24677296886864086,1,1,1,1
58b4b5cc-2ac5-4956-aea5-d9e9cbf5295d,HLF-stock-key-then-value-window50-noretry-cr0.9,stock_trade,hot_accounts,0.9,20,2000,524,225,299,0.5706106870229007,524,299,0.5706106870229007,1,1,1,1
7ac6f770-bbab-4cca-8e74-3fae901eabc3,HLF-stock-baseline-window50-noretry-cr0.1,stock_trade,hot_accounts,0.1,20,2000,2000,1878,122,0.061,2000,122,0.061,1,1,1,1
bd850ada-6c71-487a-944c-fcc93c1f7e27,HLF-stock-key-then-value-window50-noretry-cr0.1,stock_trade,hot_accounts,0.1,20,2000,1857,1766,91,0.04900376952073236,1857,91,0.04900376952073236,1,1,1,1
0410250f-0901-4ede-a2e0-f26ae8782d81,HLF-stock-baseline-window50-noretry-cr0.5,stock_trade,hot_accounts,0.5,20,2000,2000,1126,874,0.437,2000,874,0.437,1,1,1,1
5c76f2b7-1f55-49d4-a22b-462e2e000aeb,HLF-stock-key-then-value-window50-noretry-cr0.5,stock_trade,hot_accounts,0.5,20,2000,1317,978,339,0.25740318906605925,1317,339,0.25740318906605925,1,1,1,1
3359a0ff-4256-4748-8033-a14df2705dca,HLF-stock-baseline-window50-noretry-cr0.9,stock_trade,hot_accounts,0.9,20,2000,2000,528,1472,0.736,2000,1472,0.736,1,1,1,1
eed81f95-1b79-40c9-b062-87b612311609,HLF-stock-key-then-value-window50-noretry-cr0.9,stock_trade,hot_accounts,0.9,20,2000,524,225,299,0.5706106870229007,524,299,0.5706106870229007,1,1,1,1
b7bdccfc-ef57-4597-aa7e-c72b64f06c6e,HLF,smallbank_transfer,hot_accounts,0,1,500,500,500,0,0,500,0,0,1,1,1,1
45b8835d-b005-4b64-b735-458df6e289b6,HLF,smallbank_transfer,hot_accounts,0,1,200,200,200,0,0,200,0,0,1,1,1,1
19a21842-22be-46f2-9803-f047643462ae,HLF,smallbank_transfer,hot_accounts,0,1,200,200,200,0,0,200,0,0,1,1,1,1
eff3e07b-f477-442e-a8f5-ba76422d4f93,HLF,smallbank_transfer_fhe,hot_accounts,0,1,200,200,200,0,0,200,0,0,1,1,1,1
a2b5ea4b-310a-4166-94ec-b64d15091db8,HLF,smallbank_transfer,hot_accounts,0,1,1,1,1,0,0,1,0,0,1,1,1,1
5087f671-bbf7-4ee3-9c08-e042df89826d,HLF,smallbank_transfer_fhe,hot_accounts,1,1,10,10,10,0,0,10,0,0,1,1,1,1
4b5bc184-fb56-4796-be8b-c86227df8a50,HLF-baseline-cr0.5-n2000,smallbank_transfer,hot_accounts,0.5,10,2000,3295,1984,1311,0.39787556904400606,2000,16,0.008,1,3,9,10
545268bd-c5c0-47a7-90a1-5b4b4559a6ee,HLF-fhe-insecure-cr0.5-n2000,smallbank_transfer_fhe,hot_accounts,0.5,10,2000,3598,1985,1613,0.4483046136742635,2000,15,0.0075,1,4,10,10
52d9834a-039d-40dd-9c3e-e1c66684df1e,HLF-ctm-fhe-insecure-window50-cr0.5-n2000,smallbank_transfer_fhe,hot_accounts,0.5,10,2000,1872,1317,555,0.296474358974359,1317,0,0,1,3,5,6
9085dbd1-928d-4d6c-a3ca-a7b69d58a1f8,HLF-baseline-cr0.5-n2000,smallbank_transfer,hot_accounts,0.5,10,2000,3255,1987,1268,0.38955453149001534,2000,13,0.0065,1,3,10,10
6d29fdd7-dd86-45b3-84ff-3a9fe9b7eec9,HLF-fhe-insecure-cr0.5-n2000,smallbank_transfer_fhe,hot_accounts,0.5,10,2000,3627,1989,1638,0.45161290322580644,2000,11,0.0055,1,4,9,10
66f5902d-2392-4317-ab34-165be455c2f3,HLF-ctm-fhe-insecure-window50-cr0.5-n2000,smallbank_transfer_fhe,hot_accounts,0.5,10,2000,1880,1317,563,0.29946808510638295,1317,0,0,1,3,5,6
bdc69165-2dff-4a6c-92da-744c6649d750,HLF,smallbank_transfer,hot_accounts,0,1,200,200,200,0,0,200,0,0,1,1,1,1
3bf891c1-a4e8-48e5-b19b-7978cc0d13da,HLF-baseline-cr0.5-n2000,smallbank_transfer,hot_accounts,0.5,10,2000,3251,1980,1271,0.39095662872962167,2000,20,0.01,1,3,10,10
a637e316-4c6e-4878-b263-c5f452a24323,HLF-baseline-cr0.5-n2000,smallbank_transfer,hot_accounts,0.5,10,2000,3277,1987,1290,0.39365273115654564,2000,13,0.0065,1,3,9,10
8c11235d-0e72-4ed7-83b0-40ca953028e6,HLF-fhe-insecure-cr0.5-n2000,smallbank_transfer_fhe,hot_accounts,0.5,10,2000,3610,1984,1626,0.450415512465374,2000,16,0.008,1,4,10,10
d719668c-fd83-4175-9ec6-15029a826362,HLF-ctm-fhe-insecure-window50-cr0.5-n2000,smallbank_transfer_fhe,hot_accounts,0.5,10,2000,1873,1317,556,0.2968499733048585,1317,0,0,1,3,5,8
80d85161-2277-4cfc-9799-db718d00a604,HLF-fhe-insecure-cr0.5-n2000,smallbank_transfer_fhe,hot_accounts,0.5,10,2000,3611,1985,1626,0.45029077817779006,2000,15,0.0075,1,4,10,10
532f35cf-ea41-44bc-8e1b-fda2b5452939,HLF-ctm-fhe-insecure-window50-cr0.5-n2000,smallbank_transfer_fhe,hot_accounts,0.5,10,2000,1877,1317,560,0.2983484283431007,1317,0,0,1,3,5,8
2b091bc9-cb38-4a6b-b185-d34f48e19bf4,HLF-fhe-insecure-cr0.5-n2000,smallbank_transfer_fhe,hot_accounts,0.5,10,2000,19893,12,19881,0.9993967727341276,2000,1988,0.994,10,10,10,10
0cc8d557-36ed-47fb-b55c-21271fc9a00b,HLF-ctm-fhe-insecure-window50-cr0.5-n2000,smallbank_transfer_fhe,hot_accounts,0.5,10,2000,13161,1,13160,0.9999240179317681,1317,1316,0.9992406985573272,10,10,10,10
da1fe0fa-b5af-4c33-9607-8eec8d267974,HLF-fhe-insecure-cr0.5-n2000,smallbank_transfer_fhe,hot_accounts,0.5,10,2000,19893,12,19881,0.9993967727341276,2000,1988,0.994,10,10,10,10
77cd425c-c63e-435f-a618-d22ca83c86c1,HLF-ctm-fhe-insecure-window50-cr0.5-n2000,smallbank_transfer_fhe,hot_accounts,0.5,10,2000,13161,1,13160,0.9999240179317681,1317,1316,0.9992406985573272,10,10,10,10
7a4ca8ab-984c-4b17-ab29-f5461be88525,HLF-fhe-insecure-cr0.5-n2000,smallbank_transfer_fhe,hot_accounts,0.5,10,2000,3862,1979,1883,0.4875712066286898,2000,21,0.0105,1,4,10,10
086891ba-2885-423a-8641-0c2d3ad95a44,HLF-fhe-zeestar-insecure-cr0.5-n2000,smallbank_transfer_fhe_zeestar,hot_accounts,0.5,10,2000,3753,1983,1770,0.47162270183852917,2000,17,0.0085,1,4,9,10
5aee038b-3670-4893-8efd-8844d74da609,HLF-fhe-zeestar-insecure-cr0.5-n2000,smallbank_transfer_fhe_zeestar,hot_accounts,0.5,10,2000,3768,1990,1778,0.4718683651804671,2000,10,0.005,1,4,8,10
40c3cfa8-6fcb-4069-8b99-a834f090297a,HLF-baseline-cr0.5-n2000-cr0.1,smallbank_transfer,hot_accounts,0.1,10,2000,2070,2000,70,0.033816425120772944,2000,0,0,1,1,2,4
7f193e6d-acfa-416e-b5f7-f022655200dd,HLF-baseline-cr0.5-n2000-cr0.5,smallbank_transfer,hot_accounts,0.5,10,2000,3285,1988,1297,0.3948249619482496,2000,12,0.006,1,3,9,10
a66584e9-0ae4-4324-a064-06b1e2bee3e5,HLF-baseline-cr0.5-n2000-cr0.9,smallbank_transfer,hot_accounts,0.9,10,2000,5170,1909,3261,0.6307543520309478,2000,91,0.0455,1,7,10,10
a257b8c3-5705-498c-bfea-f990a6a95ca5,HLF-baseline-cr0.5-n2000-cr0.1,smallbank_transfer,hot_accounts,0.1,10,2000,2067,2000,67,0.0324141267537494,2000,0,0,1,1,2,5
d7c72321-c2cc-4021-ad6d-a35b4341b9fb,HLF-baseline-cr0.5-n2000-cr0.5,smallbank_transfer,hot_accounts,0.5,10,2000,3266,1983,1283,0.39283527250459277,2000,17,0.0085,1,3,9,10
43a3b5b7-37ab-43fe-928c-0e0a8e8a4afb,HLF-baseline-cr0.5-n2000-cr0.9,smallbank_transfer,hot_accounts,0.9,10,2000,5156,1924,3232,0.6268425135764158,2000,76,0.038,1,7,10,10
12ae82e1-58ec-49c3-9b6a-b3ab81487616,HLF-baseline-cr0.5-n2000-cr0.1,smallbank_transfer,hot_accounts,0.1,10,2000,2067,2000,67,0.0324141267537494,2000,0,0,1,1,2,4
e2fd9df4-b1ba-4547-838f-8f40dddd43fd,HLF-baseline-cr0.5-n2000-cr0.5,smallbank_transfer,hot_accounts,0.5,10,2000,3276,1982,1294,0.394993894993895,2000,18,0.009,1,3,10,10
d036c2e9-4f39-4042-8001-0429f31a16db,HLF-baseline-cr0.5-n2000-cr0.9,smallbank_transfer,hot_accounts,0.9,10,2000,5099,1908,3191,0.6258089821533634,2000,92,0.046,1,7,10,10
2ccc075b-4a6f-4ff5-859c-94826f9dbeb6,HLF-baseline-cr0.5-n2000-cr0.1,smallbank_transfer,hot_accounts,0.1,10,2000,2067,2000,67,0.0324141267537494,2000,0,0,1,1,2,5
50954086-ced1-444b-bd90-e60a4ac594c3,HLF-baseline-cr0.5-n2000-cr0.5,smallbank_transfer,hot_accounts,0.5,10,2000,3277,1984,1293,0.39456820262435155,2000,16,0.008,1,3,10,10
f3c2a633-1b75-4a60-b434-ad06971e6368,HLF-baseline-cr0.5-n2000-cr0.9,smallbank_transfer,hot_accounts,0.9,10,2000,5151,1911,3240,0.6290040768782761,2000,89,0.0445,1,7,10,10
7995011a-8cc9-4e6d-90be-ddbc8a95674e,HLF-fhe-insecure-cr0.5-n2000-cr0.1,smallbank_transfer_fhe,hot_accounts,0.1,10,2000,2113,2000,113,0.05347846663511595,2000,0,0,1,1,2,4
cd231d9d-ca49-4097-8fe2-1ade540f3c2a,HLF-fhe-insecure-cr0.5-n2000-cr0.5,smallbank_transfer_fhe,hot_accounts,0.5,10,2000,3665,1990,1675,0.45702592087312416,2000,10,0.005,1,4,9,10
cdd518c7-12be-4246-b11d-c53289d7b146,HLF-fhe-insecure-cr0.5-n2000-cr0.9,smallbank_transfer_fhe,hot_accounts,0.9,10,2000,5738,1925,3813,0.6645172533983966,2000,75,0.0375,2,7,10,10
b04269b3-bf3f-4693-a71c-1c50000b4b36,HLF-fhe-zeestar-insecure-cr0.5-n2000-cr0.1,smallbank_transfer_fhe_zeestar,hot_accounts,0.1,10,2000,2127,2000,127,0.059708509637987774,2000,0,0,1,1,2,4
6807d811-679b-4009-bd3d-d925d1407a96,HLF-fhe-zeestar-insecure-cr0.5-n2000-cr0.5,smallbank_transfer_fhe_zeestar,hot_accounts,0.5,10,2000,3753,1980,1773,0.4724220623501199,2000,20,0.01,1,4,10,10
21b72eea-4f93-454b-90d8-d1695d7953f6,HLF-baseline-cr0.5-n2000-cr0.1,smallbank_transfer,hot_accounts,0.1,10,2000,2070,2000,70,0.033816425120772944,2000,0,0,1,1,2,5
d4133d5c-9b7b-4b43-91a0-30025363a298,HLF-baseline-cr0.5-n2000-cr0.5,smallbank_transfer,hot_accounts,0.5,10,2000,3234,1988,1246,0.3852813852813853,2000,12,0.006,1,3,9,10
027bd127-88e1-4b1a-8dbd-d8dce8684d9b,HLF-baseline-cr0.5-n2000-cr0.9,smallbank_transfer,hot_accounts,0.9,10,2000,5073,1910,3163,0.6234969446087127,2000,90,0.045,1,7,10,10
ff1f69d0-43cb-4333-a91a-71f296a0e352,HLF-fhe-insecure-cr0.5-n2000-cr0.1,smallbank_transfer_fhe,hot_accounts,0.1,10,2000,2117,2000,117,0.05526688710439301,2000,0,0,1,1,2,5
4d136c5a-4a37-41ee-8504-dc68fb18618e,HLF-baseline-cr0.5-n2000-cr0.1,smallbank_transfer,hot_accounts,0.1,10,2000,2067,2000,67,0.0324141267537494,2000,0,0,1,1,2,4
604b982f-5528-4e4d-93ad-7e5b52712734,HLF-baseline-cr0.5-n2000-cr0.5,smallbank_transfer,hot_accounts,0.5,10,2000,3255,1984,1271,0.3904761904761905,2000,16,0.008,1,3,10,10
a11a60e0-1d6c-43c8-b60e-8719f2a7eba8,HLF-baseline-cr0.5-n2000-cr0.1,smallbank_transfer,hot_accounts,0.1,10,2000,2070,2000,70,0.033816425120772944,2000,0,0,1,1,2,5
2c3eabdb-e16c-448f-b574-dc5f2d362ab0,HLF-fhe-insecure-cr0.5-n2000-cr0.1,smallbank_transfer_fhe,hot_accounts,0.1,10,2000,2112,2000,112,0.05303030303030303,2000,0,0,1,1,2,5
39c89d7c-abb0-4aad-9e81-7f2bac674b3c,HLF-fhe-zeestar-insecure-cr0.5-n2000-cr0.1,smallbank_transfer_fhe_zeestar,hot_accounts,0.1,10,2000,2125,2000,125,0.058823529411764705,2000,0,0,1,1,2,4
a5b58c02-a9a8-48e1-a45d-c20a1d6b734a,HLF-ctm-fhe-insecure-window50-cr0.5-n2000-cr0.1,smallbank_transfer_fhe,hot_accounts,0.1,10,2000,1989,1857,132,0.06636500754147813,1857,0,0,1,1,2,4
f130bd75-e431-48b2-a132-f3c3f8fb5acf,HLF-baseline-cr0.5-n2000-cr0.5,smallbank_transfer,hot_accounts,0.5,10,2000,3266,1984,1282,0.3925290875688916,2000,16,0.008,1,3,9,10
f67f9848-b26f-4aab-a35d-f3fc4c84ba49,HLF-fhe-insecure-cr0.5-n2000-cr0.5,smallbank_transfer_fhe,hot_accounts,0.5,10,2000,3619,1982,1637,0.4523348991434098,2000,18,0.009,1,4,9,10
ab2db939-c346-4b29-8852-24ec7c22b79f,HLF-fhe-zeestar-insecure-cr0.5-n2000-cr0.5,smallbank_transfer_fhe_zeestar,hot_accounts,0.5,10,2000,3778,1986,1792,0.47432503970354684,2000,14,0.007,1,4,9,10
4d6152d8-046a-4679-b389-58bc27cd59da,HLF-ctm-fhe-insecure-window50-cr0.5-n2000-cr0.5,smallbank_transfer_fhe,hot_accounts,0.5,10,2000,1876,1317,559,0.2979744136460554,1317,0,0,1,3,5,7
7e826f81-2012-40cf-bb37-aa8604b08a1d,HLF-baseline-cr0.5-n2000-cr0.9,smallbank_transfer,hot_accounts,0.9,10,2000,5128,1902,3226,0.6290951638065523,2000,98,0.049,1,7,10,10
b25edd2d-e3bb-4cca-9402-97c1f1930d38,HLF-fhe-insecure-cr0.5-n2000-cr0.9,smallbank_transfer_fhe,hot_accounts,0.9,10,2000,5786,1936,3850,0.6653992395437263,2000,64,0.032,2,7,10,10
d9cd2364-b4ae-4413-bd57-b48b554aec99,HLF-fhe-zeestar-insecure-cr0.5-n2000-cr0.9,smallbank_transfer_fhe_zeestar,hot_accounts,0.9,10,2000,6133,1906,4227,0.6892222403391489,2000,94,0.047,2,7,10,10
486d7f1c-a5b7-4646-9e8d-694e12923d02,HLF-ctm-fhe-insecure-window50-cr0.5-n2000-cr0.9,smallbank_transfer_fhe,hot_accounts,0.9,10,2000,1113,518,595,0.5345911949685535,524,6,0.011450381679389313,1,4,10,10
e6aca3e6-34fb-4aa4-8362-4b843fd225f9,HLF-baseline-cr0.5-n2000-cr0.1,smallbank_transfer,hot_accounts,0.1,10,2000,2070,2000,70,0.033816425120772944,2000,0,0,1,1,2,5
fb2acfe3-15e2-4278-b126-6651784086e0,HLF-fhe-insecure-cr0.5-n2000-cr0.1,smallbank_transfer_fhe,hot_accounts,0.1,10,2000,2115,2000,115,0.054373522458628844,2000,0,0,1,1,2,4
f04e9b1f-1ff8-4fae-9d3e-44d7d135bb3c,HLF-fhe-zeestar-insecure-cr0.5-n2000-cr0.1,smallbank_transfer_fhe_zeestar,hot_accounts,0.1,10,2000,2126,2000,126,0.059266227657572904,2000,0,0,1,1,2,4
0cf09dae-f5ee-499d-9894-e58b8475f919,HLF-ctm-fhe-insecure-window50-cr0.5-n2000-cr0.1,smallbank_transfer_fhe,hot_accounts,0.1,10,2000,1990,1857,133,0.06683417085427136,1857,0,0,1,1,2,4
5dd4ce2c-dd35-4870-bbda-aeed18065311,HLF-baseline-cr0.5-n2000-cr0.1,smallbank_transfer,hot_accounts,0.1,10,2000,2067,2000,67,0.0324141267537494,2000,0,0,1,1,2,4
d8b80990-e10d-442c-ba33-975724f98505,HLF-fhe-insecure-cr0.5-n2000-cr0.1,smallbank_transfer_fhe,hot_accounts,0.1,10,2000,2113,2000,113,0.05347846663511595,2000,0,0,1,1,2,5
1c6a90a4-964c-41bb-9d45-a4ee37fa7f5f,HLF-fhe-zeestar-insecure-cr0.5-n2000-cr0.1,smallbank_transfer_fhe_zeestar,hot_accounts,0.1,10,2000,2124,2000,124,0.0583804143126177,2000,0,0,1,1,2,4
fe90242e-1d9c-4a76-9cae-887f40bdd15c,HLF-ctm-fhe-insecure-window50-cr0.5-n2000-cr0.1,smallbank_transfer_fhe,hot_accounts,0.1,10,2000,1986,1857,129,0.0649546827794562,1857,0,0,1,1,2,4
c1f297a1-dfef-457b-aa2f-d73a05679476,HLF-baseline-cr0.1-n2000,smallbank_transfer,hot_accounts,0.1,10,2000,2070,2000,70,0.033816425120772944,2000,0,0,1,1,2,4
a6536544-e4dc-4fa1-97ee-ca64dd343b38,HLF-baseline-cr0.5-n2000,smallbank_transfer,hot_accounts,0.5,10,2000,3295,1983,1312,0.3981790591805766,2000,17,0.0085,1,3,10,10
4723a97e-1248-45ff-82eb-d647b712a3ed,HLF-baseline-cr0.9-n2000,smallbank_transfer,hot_accounts,0.9,10,2000,5170,1917,3253,0.6292069632495164,2000,83,0.0415,1,7,10,10
1fb51d2a-22af-4974-a9f7-8040a3c7f41a,HLF-baseline-cr0.5-n2000-cr0.1,smallbank_transfer,hot_accounts,0.1,10,2000,2070,2000,70,0.033816425120772944,2000,0,0,1,1,2,5
1208461e-5a2f-44b1-9456-c8d52aeb7087,HLF-baseline-cr0.5-n2000-cr0.5,smallbank_transfer,hot_accounts,0.5,10,2000,3245,1984,1261,0.388597842835131,2000,16,0.008,1,3,9,10
b95c3651-12a7-41bf-8ec8-be04c97f6ff2,HLF-baseline-cr0.5-n2000-cr0.9,smallbank_transfer,hot_accounts,0.9,10,2000,5153,1910,3243,0.6293421307975936,2000,90,0.045,1,7,10,10
71b62a72-7e03-4c2b-91ec-0529f7050ee9,HLF-fhe-insecure-cr0.5-n2000-cr0.1,smallbank_transfer_fhe,hot_accounts,0.1,10,2000,2116,2000,116,0.054820415879017016,2000,0,0,1,1,2,4
8cd644fd-e87b-4be7-90bf-3635d2efb0b1,HLF-fhe-insecure-cr0.5-n2000-cr0.5,smallbank_transfer_fhe,hot_accounts,0.5,10,2000,3638,1986,1652,0.45409565695437054,2000,14,0.007,1,4,10,10
92da7197-04a7-47c1-8f21-99411336604a,HLF-fhe-insecure-cr0.5-n2000-cr0.9,smallbank_transfer_fhe,hot_accounts,0.9,10,2000,5763,1923,3840,0.6663196251952108,2000,77,0.0385,2,7,10,10
bf604a92-dcc5-4dbc-9a68-1878a751f1f3,HLF-fhe-zeestar-insecure-cr0.5-n2000-cr0.1,smallbank_transfer_fhe_zeestar,hot_accounts,0.1,10,2000,2126,2000,126,0.059266227657572904,2000,0,0,1,1,2,4
d1dbfdc8-f9bc-4553-b5db-40e2a5784e40,HLF-fhe-zeestar-insecure-cr0.5-n2000-cr0.5,smallbank_transfer_fhe_zeestar,hot_accounts,0.5,10,2000,3798,1986,1812,0.47709320695102686,2000,14,0.007,1,4,9,10
bcbf83e5-afe1-43dc-b4a2-6c0bcf9cf794,HLF-fhe-zeestar-insecure-cr0.5-n2000-cr0.9,smallbank_transfer_fhe_zeestar,hot_accounts,0.9,10,2000,6122,1907,4215,0.6885004900359359,2000,93,0.0465,2,7,10,10
b8a98f6f-67d6-4777-be2a-dd19e7ba42a0,HLF-baseline-cr0.5-n2000-cr0.1,smallbank_transfer,hot_accounts,0.1,10,2000,2070,2000,70,0.033816425120772944,2000,0,0,1,1,2,5
e04cd911-f504-42af-b3b0-ecac7a731967,HLF-baseline-cr0.5-n2000-cr0.5,smallbank_transfer,hot_accounts,0.5,10,2000,3273,1988,1285,0.39260617170791323,2000,12,0.006,1,3,9,10
21e17e28-3cca-4461-837c-717e0aab8555,HLF-baseline-cr0.5-n2000-cr0.9,smallbank_transfer,hot_accounts,0.9,10,2000,5147,1919,3228,0.6271614532737517,2000,81,0.0405,1,7,10,10
b33bee91-0572-4947-b6f4-d5db600da8ee,HLF-fhe-insecure-cr0.5-n2000-cr0.1,smallbank_transfer_fhe,hot_accounts,0.1,10,2000,2120,2000,120,0.05660377358490566,2000,0,0,1,1,2,4
33b9ba13-04b3-4d60-ac41-8cec05077d86,HLF-fhe-insecure-cr0.5-n2000-cr0.5,smallbank_transfer_fhe,hot_accounts,0.5,10,2000,3616,1983,1633,0.45160398230088494,2000,17,0.0085,1,4,10,10
90744c82-80b9-4de8-b0aa-ab0c7450da40,HLF-fhe-insecure-cr0.5-n2000-cr0.9,smallbank_transfer_fhe,hot_accounts,0.9,10,2000,5815,1944,3871,0.6656921754084265,2000,56,0.028,2,7,10,10
8dcba5b8-6911-40a5-b375-e71fdccd0a5e,HLF-fhe-zeestar-insecure-cr0.5-n2000-cr0.1,smallbank_transfer_fhe_zeestar,hot_accounts,0.1,10,2000,2127,2000,127,0.059708509637987774,2000,0,0,1,1,2,4
a8b4e67a-07e1-4d41-a63e-14832b934fa7,HLF-fhe-zeestar-insecure-cr0.5-n2000-cr0.5,smallbank_transfer_fhe_zeestar,hot_accounts,0.5,10,2000,3760,1981,1779,0.4731382978723404,2000,19,0.0095,1,4,10,10
8628441b-40b6-44d2-863b-879cd3bff2e2,HLF-fhe-zeestar-insecure-cr0.5-n2000-cr0.9,smallbank_transfer_fhe_zeestar,hot_accounts,0.9,10,2000,6156,1910,4246,0.6897335932423652,2000,90,0.045,2,7,10,10
3bc96b85-9fd0-4433-95ad-984a469cea94,HLF-ctm-fhe-insecure-window50-cr0.5-n2000-cr0.1,smallbank_transfer_fhe,hot_accounts,0.1,10,2000,1989,1857,132,0.06636500754147813,1857,0,0,1,1,2,4
06175dfa-d107-4b0d-9e05-fb4566727359,HLF-ctm-fhe-insecure-window50-cr0.5-n2000-cr0.5,smallbank_transfer_fhe,hot_accounts,0.5,10,2000,1862,1317,545,0.29269602577873255,1317,0,0,1,3,5,7
4de4eba8-96eb-4437-aecf-151a11ac6c3c,HLF-ctm-fhe-insecure-window50-cr0.5-n2000-cr0.9,smallbank_transfer_fhe,hot_accounts,0.9,10,2000,1133,521,612,0.5401588702559577,524,3,0.0057251908396946565,1,4,10,10
f05e3cab-f73c-465a-80d0-c508e00035e2,HLF-baseline-cr0.5-n2000-cr0.5-no_retry,smallbank_transfer,hot_accounts,0.5,10,2000,2000,1433,567,0.2835,2000,567,0.2835,1,1,1,1
a53aed50-2929-4257-b2fc-533744897fb7,HLF-baseline-cr0.5-n2000-cr0.5-no_retry,smallbank_transfer,hot_accounts,0.5,10,2000,2000,1430,570,0.285,2000,570,0.285,1,1,1,1
6829bc78-1fa1-457b-98be-4c0fe1eb0ce2,HLF-baseline-cr0.5-n2000-cr0.5-retry,smallbank_transfer,hot_accounts,0.5,10,2000,3243,1987,1256,0.38729571384520506,2000,13,0.0065,1,3,10,10
3170a1da-0ce8-4103-b546-7964112388a9,HLF-fhe-insecure-cr0.5-n2000-cr0.5-no_retry,smallbank_transfer_fhe,hot_accounts,0.5,10,2000,2000,1293,707,0.3535,2000,707,0.3535,1,1,1,1
8725c1e0-273d-407d-bb60-6f091593b107,HLF-fhe-insecure-cr0.5-n2000-cr0.5-retry,smallbank_transfer_fhe,hot_accounts,0.5,10,2000,3632,1987,1645,0.4529185022026432,2000,13,0.0065,1,4,9,10
18fa7390-36b2-4a5a-81ce-ef523077dfa6,HLF-fhe-zeestar-insecure-cr0.5-n2000-cr0.5-no_retry,smallbank_transfer_fhe_zeestar,hot_accounts,0.5,10,2000,2000,1260,740,0.37,2000,740,0.37,1,1,1,1
b737fa01-2d92-49f4-a5dc-d002e30ff2d9,HLF-fhe-zeestar-insecure-cr0.5-n2000-cr0.5-retry,smallbank_transfer_fhe_zeestar,hot_accounts,0.5,10,2000,3758,1982,1776,0.4725918041511442,2000,18,0.009,1,4,10,10
b01398d8-9a67-4dd4-985f-8bc73c4d5e58,HLF-ctm-fhe-insecure-window50-cr0.5-n2000-cr0.5-no_retry,smallbank_transfer_fhe,hot_accounts,0.5,10,2000,1317,978,339,0.25740318906605925,1317,339,0.25740318906605925,1,1,1,1
775a575f-9644-47c6-aaa8-7cdaf1f87c85,HLF-ctm-fhe-insecure-window50-cr0.5-n2000-cr0.5-retry,smallbank_transfer_fhe,hot_accounts,0.5,10,2000,1883,1317,566,0.3005841741901221,1317,0,0,1,3,5,7
f5e05ef3-f9a2-4a16-805a-4a136efb2b51,HLF-baseline-cr0.5-n2000,smallbank_transfer,hot_accounts,0.5,10,2000,3232,1988,1244,0.3849009900990099,2000,12,0.006,1,3,9,10
3c6f8ebd-055d-470f-b1d4-de6f633acfb9,HLF-fhe-insecure-cr0.5-n2000,smallbank_transfer_fhe,hot_accounts,0.5,10,2000,3651,1989,1662,0.4552177485620378,2000,11,0.0055,1,4,9,10
1837b88b-c095-43b6-ae77-2bf7d25938fb,HLF-fhe-zeestar-insecure-cr0.5-n2000,smallbank_transfer_fhe_zeestar,hot_accounts,0.5,10,2000,3782,1986,1796,0.4748810153358012,2000,14,0.007,1,4,9,10
3b876e63-e4ae-41db-bc2b-da34a496649e,HLF-ctm-fhe-insecure-window50-cr0.5-n2000,smallbank_transfer_fhe,hot_accounts,0.5,10,2000,1881,1317,564,0.29984051036682613,1317,0,0,1,3,5,7
e81e17a8-6e2a-415e-b17f-0a275636ef0e,HLF-baseline-cr0.5-n2000,smallbank_transfer,hot_accounts,0.5,10,2000,3243,1987,1256,0.38729571384520506,2000,13,0.0065,1,3,9,10
8575fc0d-91f2-4bc0-b187-67ea1f8c2f21,HLF-baseline-cr0.5-n2000,smallbank_transfer,hot_accounts,0.5,10,2000,3263,1983,1280,0.39227704566349986,2000,17,0.0085,1,3,9,10
8a140b80-c9d6-4976-899e-d03ddd17693c,HLF-fhe-insecure-cr0.5-n2000,smallbank_transfer_fhe,hot_accounts,0.5,10,2000,3642,1986,1656,0.4546952224052718,2000,14,0.007,1,4,10,10
5a83871d-9c12-4683-8162-327e6eddca2b,HLF-fhe-zeestar-insecure-cr0.5-n2000,smallbank_transfer_fhe_zeestar,hot_accounts,0.5,10,2000,3763,1981,1782,0.4735583311187882,2000,19,0.0095,1,4,10,10
b3473c53-1167-4dfd-9a3b-697f9b9e7fca,HLF-ctm-fhe-insecure-window50-cr0.5-n2000,smallbank_transfer_fhe,hot_accounts,0.5,10,2000,1873,1317,556,0.2968499733048585,1317,0,0,1,3,5,6
e272321b-2171-4654-bda9-22e36bf17752,HLF-baseline-cr0.5-n2000-cr0.1,smallbank_transfer,hot_accounts,0.1,10,2000,2067,2000,67,0.0324141267537494,2000,0,0,1,1,2,4
b2e2e30c-f407-48b6-9e15-d51c8a01b835,HLF-baseline-cr0.5-n2000-cr0.5,smallbank_transfer,hot_accounts,0.5,10,2000,3233,1983,1250,0.38663779771110424,2000,17,0.0085,1,3,10,10
23e656d1-fd2b-4b7f-8dc3-9d6a1e659eee,HLF-baseline-cr0.5-n2000-cr0.1,smallbank_transfer,hot_accounts,0.1,10,2000,2067,2000,67,0.0324141267537494,2000,0,0,1,1,2,4
7da04e3e-6217-459c-96a4-684357b89e22,HLF-baseline-cr0.5-n2000-cr0.5,smallbank_transfer,hot_accounts,0.5,10,2000,3293,1984,1309,0.3975098694199818,2000,16,0.008,1,3,10,10
48b5c588-5cff-440f-89f4-45e57418ecc1,HLF-baseline-cr0.5-n2000-cr0.9,smallbank_transfer,hot_accounts,0.9,10,2000,5127,1915,3212,0.626487224497757,2000,85,0.0425,1,7,10,10
aa5efe5d-a39f-43b4-9908-5f7d50bb9adf,HLF-fhe-insecure-cr0.5-n2000-cr0.1,smallbank_transfer_fhe,hot_accounts,0.1,10,2000,2110,2000,110,0.052132701421800945,2000,0,0,1,1,2,5
d089eba5-391b-4444-8397-33287bbb8234,HLF-fhe-insecure-cr0.5-n2000-cr0.5,smallbank_transfer_fhe,hot_accounts,0.5,10,2000,3617,1985,1632,0.4512026541332596,2000,15,0.0075,1,4,10,10
ca72d17a-75da-44ff-985c-2559b8b1f2a7,HLF-fhe-insecure-cr0.5-n2000-cr0.9,smallbank_transfer_fhe,hot_accounts,0.9,10,2000,5711,1942,3769,0.6599544738224479,2000,58,0.029,2,7,10,10
e5ce16f6-14a7-4c1a-b526-d7e81a8bf9ca,HLF-fhe-zeestar-insecure-cr0.5-n2000-cr0.1,smallbank_transfer_fhe_zeestar,hot_accounts,0.1,10,2000,2127,2000,127,0.059708509637987774,2000,0,0,1,1,2,4
cf23a0e4-2691-4912-9789-c90c10d8decb,HLF-baseline-cr0.5-n2000-cr0.1,smallbank_transfer,hot_accounts,0.1,10,2000,2067,2000,67,0.0324141267537494,2000,0,0,1,1,2,4
84de8c83-49ea-4e53-aeb0-a9f0e1d8734c,HLF-baseline-cr0.5-n2000-cr0.5,smallbank_transfer,hot_accounts,0.5,10,2000,3274,1986,1288,0.3934025656689065,2000,14,0.007,1,3,10,10
e09c7464-f503-4c78-9f1a-5dd75d27dba1,HLF-baseline-cr0.5-n2000-cr0.9,smallbank_transfer,hot_accounts,0.9,10,2000,5124,1909,3215,0.62743950039032,2000,91,0.0455,1,7,10,10
6a5cacfe-fea2-4166-9a2f-4e4262c9c285,HLF-fhe-insecure-cr0.5-n2000-cr0.1,smallbank_transfer_fhe,hot_accounts,0.1,10,2000,2115,2000,115,0.054373522458628844,2000,0,0,1,1,2,5
0b2c7792-3956-45bf-be4e-16792a9a2d9b,HLF-fhe-insecure-cr0.5-n2000-cr0.5,smallbank_transfer_fhe,hot_accounts,0.5,10,2000,3639,1978,1661,0.4564440780434185,2000,22,0.011,1,4,10,10
158c6675-cbfb-44d3-ab6c-5e092e2449f1,HLF-fhe-insecure-cr0.5-n2000-cr0.9,smallbank_transfer_fhe,hot_accounts,0.9,10,2000,5793,1929,3864,0.6670119109269809,2000,71,0.0355,2,7,10,10
98606f4f-a241-4dfe-8fb9-213c1638733e,HLF-fhe-zeestar-insecure-cr0.5-n2000-cr0.1,smallbank_transfer_fhe_zeestar,hot_accounts,0.1,10,2000,2124,2000,124,0.0583804143126177,2000,0,0,1,1,2,4
72db8d93-1222-4311-82ce-96ee79092751,HLF-fhe-zeestar-insecure-cr0.5-n2000-cr0.5,smallbank_transfer_fhe_zeestar,hot_accounts,0.5,10,2000,3818,1984,1834,0.4803562074384494,2000,16,0.008,1,4,10,10
34b0562d-9ac7-4b3a-8a0f-7dbed8406a2c,HLF-fhe-zeestar-insecure-cr0.5-n2000-cr0.1,smallbank_transfer_fhe_zeestar,hot_accounts,0.1,10,2000,2150,2000,150,0.06976744186046512,2000,0,0,1,1,3,5
5cd35e0f-45d8-46b9-a0b0-de4d994f2f81,HLF-fhe-zeestar-insecure-cr0.5-n2000-cr0.5,smallbank_transfer_fhe_zeestar,hot_accounts,0.5,10,2000,3799,1981,1818,0.47854698604896023,2000,19,0.0095,1,4,10,10
4921db8d-98b2-4bcb-a403-b2b2680c4270,HLF-fhe-zeestar-insecure-cr0.5-n2000-cr0.9,smallbank_transfer_fhe_zeestar,hot_accounts,0.9,10,2000,6169,1920,4249,0.6887664127087049,2000,80,0.04,2,7,10,10
